<?xml version="1.0" encoding="UTF-8"?>
<!DOCTYPE struts PUBLIC
"-//Apache Software Foundation//DTD Struts Configuration 2.3//EN"
"http://struts.apache.org/dtds/struts-2.3.dtd">
<struts>
<constant name="struts.devMode" value="true" />

	<package name="com.internousdev.webproj.action" extends="struts-default">
		<action name="HelloStrutsAction" class="com.internousdev.webproj.action.HelloStrutsAction" method="execute">
		<result name="success">hello.jsp</result>
		</action>

	<action name="WelcomeAction" class="com.internousdev.webproj.action.WelcomeAction" method="execute">
	<result name="success">welcome.jsp</result>
	</action>

	<action name="LoginAction" class="com.internousdev.webproj.action.LoginAction" method="execute">
	<result name="success">login.jsp</result>
	</action>

	<action name="InquiryAction" class="com.internousdev.webproj.action.InquiryAction" method="execute">
	<result name="success">inquiry.jsp</result>
	</action>

	<action name="InquiryCompleteAction" class="com.internousdev.webproj.action.InquiryCompleteAction" method="execute">
	<result name="success">inquiryComplete.jsp</result>
	</action>
	
	<action name="TestAction" class="com.internousdev.webproj.action.TestAction" method="execute"> 
	<result name="success">test.jsp</result>
	</action>

	</package>
</struts>