<?xml version="1.0" encoding="UTF-8"?>
<!DOCTYPE struts PUBLIC
"-//Apache Software Foundation//DTD Struts Configuration 2.3//EN" "http://struts.apache.org/dtds/struts-2.3.dtd">
<!-- Strutsの詳細設定 -->
<struts>
	<constant name="struts.devMode" value="true" />
	<package name="com.internousdev.ecsite.action"
		extends="struts-default">
		<!-- GoHomeAction -->
		<action name="GoHomeAction"
			class="com.internousdev.ecsite.action.GoHomeAction" method="execute">
			<result name="success">home.jsp</result>
		</action>
		<!-- HomeAction -->
		<action name="HomeAction"
			class="com.internousdev.ecsite.action.HomeAction" method="execute">
			<result name="login">login.jsp</result>
			<result name="success">buyItem.jsp</result>
		</action>
		<!-- LoginAction -->
		<action name="LoginAction"
			class="com.internousdev.ecsite.action.LoginAction" method="execute">
			<result name="success">buyItem.jsp</result>
			<result name="error">login.jsp</result>
		</action>
		<!-- UserCreateAction -->
		<action name="UserCreateAction"
			class="com.internousdev.ecsite.action.UserCreateAction"
			method="execute">
			<result name="success">userCreate.jsp</result>
			<result name="back">login.jsp</result>
		</action>
		<!-- UserCreateConfirmAction -->
		<action name="UserCreateConfirmAction"
			class="com.internousdev.ecsite.action.UserCreateConfirmAction"
			method="execute">
			<result name="success">userCreateConfirm.jsp</result>
			<result name="error">userCreate.jsp</result>
		</action>
		<!-- UserCreateCompleteAction -->
		<action name="UserCreateCompleteAction"
			class="com.internousdev.ecsite.action.UserCreateCompleteAction"
			method="execute">
			<result name="success">userCreateComplete.jsp</result>
		</action>
		<!-- BuyItemAction -->
		<action name="BuyItemAction"
			class="com.internousdev.ecsite.action.BuyItemAction" method="execute">
			<result name="success">buyItemConfirm.jsp</result>
			<result name="error">buyItem.jsp</result>
		</action>
		<!-- BuyItemConfirmAction -->
		<action name="BuyItemConfirmAction"
			class="com.internousdev.ecsite.action.BuyItemConfirmAction"
			method="execute">
			<result name="success">buyItemComplete.jsp</result>
			<result name="back">buyItem.jsp</result>
		</action>
		<!-- BuyItemCompleteAction -->
		<!-- <action name="BuyItemCompleteAction"
			class="com.internousdev.ecsite.action.BuyItemCompleteAction"
			method="execute">
			<result name="success">home.jsp</result>
		</action> -->
		<!-- MyPageAction -->
 		 <action name="MyPageAction"
			class="com.internousdev.ecsite.action.MyPageAction" method="execute">
			<result name="success">myPage.jsp</result>
			<result name="error">error.jsp</result>
		</action>
		<!-- LogoutAction -->
		<!-- <action name="LogoutAction"
			class="com.internousdev.ecsite.action.LogoutAction" method="execute">
			<result name="success">home.jsp</result>
		</action> -->
	</package>
</struts>